date,Distrito Federal,Guanajuato,Jalisco,Morelos,Puebla,Queretaro,Nacional
2020-02-26,0,0,0,0,0,0,0
2020-02-27,2,0,0,0,0,0,4
2020-02-28,0,0,0,0,0,0,2
2020-02-29,0,0,0,0,0,0,2
2020-03-01,0,1,0,0,0,0,2
2020-03-02,0,3,0,0,0,0,5
2020-03-03,1,3,0,0,0,0,9
2020-03-04,3,3,0,0,0,0,10
2020-03-05,5,4,0,0,0,0,11
2020-03-06,1,4,0,0,0,0,6
2020-03-07,2,4,0,0,0,0,7
2020-03-08,3,2,0,0,0,0,8
2020-03-09,2,1,0,1,0,0,5
2020-03-10,3,1,0,0,0,2,17
2020-03-11,16,4,1,0,1,1,39
2020-03-12,23,0,3,0,2,1,41
2020-03-13,26,1,3,0,4,3,66
2020-03-14,23,0,5,1,3,1,52
2020-03-15,10,2,2,0,3,0,37
2020-03-16,28,2,12,0,4,0,77
2020-03-17,35,6,6,1,5,1,104
2020-03-18,31,12,17,1,6,2,116
2020-03-19,64,1,11,0,7,3,151
2020-03-20,36,5,5,1,5,0,132
2020-03-21,22,12,1,1,4,1,85
2020-03-22,16,4,3,0,2,0,70
2020-03-23,46,7,9,2,8,3,168
2020-03-24,62,1,8,3,16,5,220
2020-03-25,46,4,7,0,6,2,185
2020-03-26,71,9,7,2,16,1,224
2020-03-27,63,7,7,1,11,4,262
2020-03-28,62,4,2,3,14,2,191
2020-03-29,39,1,2,1,6,1,166
2020-03-30,82,5,8,3,18,1,345
2020-03-31,58,7,7,1,27,4,311
2020-04-01,70,1,3,3,20,4,382
2020-04-02,85,2,8,9,23,1,347
2020-04-03,99,5,10,1,15,4,392
2020-04-04,64,3,2,4,11,1,250
2020-04-05,59,4,2,3,11,0,259
2020-04-06,141,11,4,9,27,4,631
2020-04-07,144,6,6,7,14,5,515
2020-04-08,140,9,9,11,26,3,581
2020-04-09,150,2,5,8,17,3,483
2020-04-10,174,3,8,5,8,2,572
2020-04-11,127,7,5,2,15,3,464
2020-04-12,125,2,5,4,6,1,479
2020-04-13,293,3,10,9,25,9,953
2020-04-14,267,4,4,14,18,8,936
2020-04-15,256,13,11,11,29,3,985
2020-04-16,269,14,11,9,22,8,996
2020-04-17,354,30,14,13,31,7,1145
2020-04-18,213,12,7,9,24,3,815
2020-04-19,215,10,5,18,20,2,794
2020-04-20,506,15,11,34,32,5,1521
2020-04-21,485,10,17,22,24,2,1471
2020-04-22,466,13,25,35,27,7,1423
2020-04-23,418,9,20,31,32,9,1506
2020-04-24,571,13,32,37,45,11,1734
2020-04-25,312,11,10,15,44,1,1164
2020-04-26,283,8,9,35,25,2,1117
2020-04-27,550,25,23,51,37,3,1942
2020-04-28,619,18,14,32,46,10,1961
2020-04-29,655,14,22,52,52,12,1948
2020-04-30,609,16,26,43,49,6,1884
2020-05-01,408,14,15,36,43,8,1555
2020-05-02,381,10,29,29,43,12,1493
2020-05-03,350,12,16,50,39,5,1377
2020-05-04,792,33,31,60,48,10,2642
2020-05-05,648,23,23,54,37,11,2234
2020-05-06,741,31,24,58,52,9,2389
2020-05-07,782,37,51,50,67,15,2531
2020-05-08,855,44,24,52,57,26,2530
2020-05-09,451,27,28,30,52,26,1657
2020-05-10,419,23,22,37,38,19,1552
2020-05-11,879,44,52,73,79,47,3118
2020-05-12,881,53,40,60,75,34,3070
2020-05-13,925,41,30,64,93,29,3230
2020-05-14,851,52,56,48,109,41,3217
2020-05-15,1012,36,68,57,109,49,3694
2020-05-16,640,34,20,29,80,28,2270
2020-05-17,416,21,32,27,69,17,1739
2020-05-18,1134,54,60,55,132,46,4181
2020-05-19,1079,69,79,59,131,62,3710
2020-05-20,1095,58,64,55,121,42,4052
2020-05-21,1017,65,65,59,150,38,4103
2020-05-22,971,57,76,72,176,39,4132
2020-05-23,524,53,45,34,150,22,2416
2020-05-24,399,20,37,24,84,12,2002
2020-05-25,1092,120,99,81,173,53,4788
2020-05-26,954,97,132,82,162,39,4423
2020-05-27,1021,107,148,52,188,36,4566
2020-05-28,864,142,132,62,164,30,4310
2020-05-29,980,146,163,52,159,38,4468
2020-05-30,571,99,132,27,121,28,2822
2020-05-31,448,70,87,32,65,21,2199
2020-06-01,1118,184,238,67,201,39,5453
2020-06-02,948,175,195,56,178,50,4837
2020-06-03,1016,181,203,60,201,46,5073
2020-06-04,951,224,182,53,215,46,5013
2020-06-05,985,172,223,59,214,36,5159
2020-06-06,558,129,106,27,128,30,3149
2020-06-07,413,83,82,23,100,29,2468
2020-06-08,1057,198,269,89,312,54,6291
2020-06-09,1017,234,254,55,248,45,5873
2020-06-10,974,192,260,53,252,38,5826
2020-06-11,900,211,233,60,302,32,5471
2020-06-12,936,216,199,60,325,42,5744
2020-06-13,427,128,128,40,189,36,3231
2020-06-14,360,85,109,31,150,23,2702
2020-06-15,945,348,240,66,443,59,6690
2020-06-16,1008,316,221,60,417,43,6476
2020-06-17,975,334,224,50,425,44,6180
2020-06-18,956,326,235,42,522,41,6146
2020-06-19,899,379,203,63,430,28,6162
2020-06-20,469,197,153,25,222,34,3736
2020-06-21,298,116,109,18,173,19,2610
2020-06-22,904,399,246,36,500,50,7014
2020-06-23,901,410,237,46,420,41,6617
2020-06-24,837,397,203,61,374,42,6369
2020-06-25,855,306,184,33,475,39,6342
2020-06-26,939,377,233,38,377,42,6618
2020-06-27,384,208,155,16,207,23,3779
2020-06-28,343,123,120,19,144,25,3065
2020-06-29,983,411,206,54,369,62,7563
2020-06-30,942,427,238,35,367,55,7229
2020-07-01,1028,417,218,42,354,49,7696
2020-07-02,888,427,226,42,292,63,7100
2020-07-03,953,431,226,37,286,33,7121
2020-07-04,395,226,149,15,194,26,3760
2020-07-05,253,139,106,12,143,36,3103
2020-07-06,1009,486,251,45,344,54,7883
2020-07-07,964,523,254,40,361,76,7927
2020-07-08,963,507,225,31,360,61,7453
2020-07-09,760,518,213,39,363,67,7059
2020-07-10,885,458,246,45,335,59,7221
2020-07-11,425,192,155,17,193,50,3927
2020-07-12,272,172,128,22,175,32,3278
2020-07-13,1083,575,307,56,444,85,8927
2020-07-14,938,564,320,43,439,60,8463
2020-07-15,1234,627,276,40,433,94,8864
2020-07-16,1150,559,274,44,414,73,8266
2020-07-17,1196,447,278,43,412,81,8050
2020-07-18,673,236,182,16,208,47,4453
2020-07-19,277,156,116,18,181,33,3501
2020-07-20,1167,502,336,51,497,81,9133
2020-07-21,1174,657,313,41,378,75,8660
2020-07-22,1218,566,278,39,389,76,8304
2020-07-23,1128,537,229,44,374,70,8097
2020-07-24,1081,513,223,37,349,58,8029
2020-07-25,568,233,132,21,247,47,4211
2020-07-26,272,187,137,22,125,40,3070
2020-07-27,1074,608,335,58,451,84,8527
2020-07-28,1084,642,245,51,345,86,8202
2020-07-29,1097,489,243,49,348,83,7674
2020-07-30,1067,548,228,57,360,78,7576
2020-07-31,951,439,202,51,259,79,6739
2020-08-01,554,171,147,21,152,49,3834
2020-08-02,274,151,113,18,110,33,2563
2020-08-03,880,539,269,44,317,96,7537
2020-08-04,1045,454,244,54,299,91,7393
2020-08-05,1033,383,279,33,308,73,7179
2020-08-06,928,364,251,50,331,105,6678
2020-08-07,1006,434,249,48,268,85,6630
2020-08-08,481,186,128,15,177,43,3682
2020-08-09,203,113,122,21,104,36,2442
2020-08-10,905,439,271,58,297,122,7271
2020-08-11,1049,446,238,57,294,92,6881
2020-08-12,1042,438,240,46,266,96,6501
2020-08-13,1019,454,242,48,249,70,6456
2020-08-14,1051,397,209,46,233,103,6219
2020-08-15,485,170,122,22,135,64,3255
2020-08-16,198,110,117,11,86,52,2340
2020-08-17,1020,368,312,57,256,100,6903
2020-08-18,1201,364,258,52,229,85,6732
2020-08-19,1145,443,228,32,215,121,6299
2020-08-20,985,425,237,52,192,93,6031
2020-08-21,1099,480,206,27,194,91,6307
2020-08-22,520,161,126,18,141,53,3163
2020-08-23,291,152,111,8,81,30,2356
2020-08-24,1104,517,272,52,266,136,7099
2020-08-25,1096,423,264,48,223,136,6697
2020-08-26,1465,472,285,43,213,140,7037
2020-08-27,1280,441,244,43,200,115,6541
2020-08-28,1307,435,245,41,206,106,6337
2020-08-29,748,207,91,17,88,84,3167
2020-08-30,265,157,117,9,99,61,2245
2020-08-31,1074,570,329,56,206,144,7044
2020-09-01,1456,472,254,34,194,161,7155
2020-09-02,1501,383,274,31,179,109,6921
2020-09-03,1382,401,273,32,176,111,6300
2020-09-04,1260,424,225,32,167,123,6041
2020-09-05,674,124,101,18,112,57,2906
2020-09-06,265,141,110,6,71,45,2098
2020-09-07,1009,416,343,35,178,112,6428
2020-09-08,1397,455,295,37,156,112,6629
2020-09-09,1342,391,278,34,177,107,6065
2020-09-10,1240,425,239,39,173,67,5707
2020-09-11,1215,409,226,21,126,91,5506
2020-09-12,750,132,95,6,73,36,2815
2020-09-13,243,121,126,13,51,42,1918
2020-09-14,1006,499,328,43,181,105,6273
2020-09-15,799,261,187,27,121,72,4372
2020-09-16,239,155,118,12,75,32,2251
2020-09-17,1309,309,331,39,174,86,6416
2020-09-18,1180,302,251,26,138,75,5614
2020-09-19,666,110,120,12,82,57,2822
2020-09-20,273,85,104,15,56,44,1865
2020-09-21,1000,291,339,42,183,118,6323
2020-09-22,1272,277,342,36,173,108,6177
2020-09-23,1234,208,307,29,126,117,5834
2020-09-24,1186,260,300,24,122,95,5408
2020-09-25,1171,219,295,32,148,89,5287
2020-09-26,766,83,94,10,83,51,2671
2020-09-27,318,76,104,2,65,40,1840
2020-09-28,1147,321,301,32,157,124,6304
2020-09-29,1243,246,358,41,98,111,5964
2020-09-30,1231,280,306,24,111,116,5558
2020-10-01,1192,274,255,48,128,128,5293
2020-10-02,1069,304,234,31,147,110,5006
2020-10-03,560,59,115,13,48,59,2458
2020-10-04,241,62,84,11,55,45,1769
2020-10-05,1047,207,270,65,147,123,5934
2020-10-06,1233,213,274,48,126,113,5956
2020-10-07,1247,269,300,45,137,118,5775
2020-10-08,1202,274,228,45,106,131,5513
2020-10-09,1210,278,243,25,127,162,5666
2020-10-10,557,92,96,21,71,82,3041
2020-10-11,311,86,120,15,45,75,2218
2020-10-12,1257,313,320,54,171,200,6827
2020-10-13,1382,301,303,37,126,208,7135
2020-10-14,1230,282,314,49,138,192,6476
2020-10-15,1350,294,283,30,158,220,6466
2020-10-16,1528,309,269,45,144,204,6615
2020-10-17,680,109,142,14,79,112,3354
2020-10-18,338,105,123,12,56,91,2369
2020-10-19,1876,391,404,31,190,295,8233
2020-10-20,1993,452,348,39,157,233,8394
2020-10-21,1753,428,324,39,143,179,7420
2020-10-22,1784,384,275,35,147,226,7296
2020-10-23,1894,409,232,34,173,200,7235
2020-10-24,789,159,124,18,96,142,3503
2020-10-25,330,125,100,8,70,108,2474
2020-10-26,1990,546,369,43,166,269,8411
2020-10-27,1928,569,299,41,152,236,7949
2020-10-28,1953,440,308,24,145,210,7185
2020-10-29,1708,423,272,25,169,217,6873
2020-10-30,1545,401,240,20,149,196,6284
2020-10-31,703,141,157,13,73,164,3019
2020-11-01,313,137,95,12,46,106,2172
2020-11-02,673,255,290,43,115,267,5171
2020-11-03,2171,486,324,46,180,250,8087
2020-11-04,2006,477,284,34,145,281,7637
2020-11-05,1966,500,276,42,141,299,7557
2020-11-06,1775,476,268,38,159,283,7098
2020-11-07,832,190,95,20,92,174,3545
2020-11-08,358,179,92,13,50,200,2652
2020-11-09,2420,551,333,59,187,297,8974
2020-11-10,2343,602,312,70,158,329,8939
2020-11-11,2144,602,321,50,202,365,8358
2020-11-12,2033,567,282,41,197,322,8151
2020-11-13,2033,588,296,45,162,265,7581
2020-11-14,935,290,133,17,109,185,3908
2020-11-15,442,146,112,16,73,225,2641
2020-11-16,459,244,184,13,81,134,3313
2020-11-17,2521,770,357,56,241,328,9625
2020-11-18,2174,684,379,52,186,348,8719
2020-11-19,2004,727,340,50,220,296,8215
2020-11-20,2158,744,281,38,166,364,8395
2020-11-21,1245,300,155,21,113,211,4220
2020-11-22,472,187,133,6,71,202,2785
2020-11-23,2878,838,448,70,217,490,10361
2020-11-24,2998,940,357,57,228,439,10287
2020-11-25,2768,809,413,55,215,389,9586
2020-11-26,2849,870,385,58,210,432,9600
2020-11-27,3117,845,332,35,233,377,9618
2020-11-28,1669,351,199,29,160,244,4896
2020-11-29,608,244,121,31,73,229,3013
2020-11-30,3781,792,399,79,242,415,10934
2020-12-01,4083,952,421,89,270,406,11633
2020-12-02,4402,837,432,65,284,449,11466
2020-12-03,4460,813,378,70,262,416,11219
2020-12-04,4654,713,319,42,249,352,10915
2020-12-05,2812,265,150,28,174,263,5998
2020-12-06,787,204,134,20,84,228,3178
2020-12-07,5355,871,397,68,284,394,13110
2020-12-08,5094,918,357,98,241,407,13007
2020-12-09,5081,862,381,85,318,385,12502
2020-12-10,5314,931,351,95,267,443,12756
2020-12-11,5173,687,364,67,292,519,12499
2020-12-12,2925,351,234,30,189,218,6902
2020-12-13,715,212,143,22,106,214,3422
2020-12-14,5455,993,447,86,314,471,14381
2020-12-15,5492,879,372,86,325,385,14046
2020-12-16,5220,750,438,74,385,442,13331
2020-12-17,5200,692,408,78,306,407,12800
2020-12-18,5631,634,333,85,324,332,12551
2020-12-19,2982,307,155,40,220,174,6616
2020-12-20,823,293,189,40,166,161,3799
2020-12-21,5581,817,500,109,436,434,14476
2020-12-22,5426,833,399,121,394,333,13887
2020-12-23,5243,647,353,121,351,481,12823
2020-12-24,4534,436,333,76,343,305,10480
2020-12-25,615,156,167,31,114,174,2735
2020-12-26,1970,303,240,61,237,192,5933
2020-12-27,1053,292,253,69,198,213,4397
2020-12-28,6136,899,577,180,488,545,16224
2020-12-29,6219,887,552,202,459,517,16099
2020-12-30,5657,831,507,243,484,418,14728
2020-12-31,4926,601,374,170,350,347,12083
2021-01-01,715,187,203,54,177,205,3413
2021-01-02,1897,306,319,217,341,236,6948
2021-01-03,1145,304,290,224,236,241,5274
2021-01-04,6835,884,709,235,567,652,18556
2021-01-05,6754,1069,753,243,598,479,18821
2021-01-06,6679,1085,857,286,659,628,18409
2021-01-07,6818,958,770,303,572,666,18766
2021-01-08,6738,989,923,323,681,608,18601
2021-01-09,3943,425,384,261,478,289,9842
2021-01-10,1353,386,354,76,346,237,5663
2021-01-11,7464,1263,1092,374,694,694,21044
2021-01-12,6933,1227,841,307,732,660,19503
2021-01-13,6878,1168,882,255,611,635,18651
2021-01-14,6636,1221,702,418,631,665,18371
2021-01-15,6337,1174,753,382,585,518,17514
2021-01-16,3748,441,336,300,443,317,9441
2021-01-17,1145,315,313,62,264,262,5329
2021-01-18,6656,1125,860,387,697,822,19675
2021-01-19,6468,1101,759,423,646,674,19046
2021-01-20,5774,1026,755,547,534,657,17478
2021-01-21,5567,1009,694,450,574,661,16925
2021-01-22,5592,848,604,466,566,634,16480
2021-01-23,3111,437,306,467,390,282,8803
2021-01-24,1090,292,293,52,269,199,4749
2021-01-25,5867,993,772,712,582,637,18196
2021-01-26,5888,952,647,591,571,636,17063
2021-01-27,5078,735,616,490,518,558,14919
2021-01-28,4679,848,529,486,443,533,14026
2021-01-29,4291,780,462,396,431,382,12367
2021-01-30,2410,344,205,440,331,226,6812
2021-01-31,805,300,177,38,218,201,3709
2021-02-01,1162,368,258,44,245,180,4722
2021-02-02,4520,826,442,520,443,432,13447
2021-02-03,3950,759,477,435,427,448,11873
2021-02-04,3685,740,349,447,371,415,10835
2021-02-05,3549,776,303,426,361,367,10200
2021-02-06,1936,354,147,269,253,212,5345
2021-02-07,548,272,131,44,152,133,2762
2021-02-08,4000,760,350,416,450,386,11671
2021-02-09,3125,652,316,181,322,366,9323
2021-02-10,3000,511,304,238,303,290,8532
2021-02-11,2683,448,302,105,350,280,7836
2021-02-12,2955,459,278,79,309,265,7723
2021-02-13,1730,181,90,56,167,142,4001
2021-02-14,518,154,95,33,159,115,2172
2021-02-15,2995,484,341,242,370,354,8342
2021-02-16,2831,426,247,287,301,308,7802
2021-02-17,2504,408,244,186,259,316,7038
2021-02-18,2438,452,244,105,283,320,6982
2021-02-19,2444,426,210,207,270,305,6799
2021-02-20,1375,155,75,34,183,187,3433
2021-02-21,495,115,77,34,148,119,2050
2021-02-22,3099,505,283,215,331,354,8649
2021-02-23,2761,351,270,191,344,398,7520
2021-02-24,2461,322,258,210,262,315,6878
2021-02-25,2438,368,226,204,301,345,6788
2021-02-26,2573,355,194,216,295,289,6886
2021-02-27,1540,170,66,57,203,161,3509
2021-02-28,541,111,78,56,147,150,2116
2021-03-01,3016,392,268,353,358,436,8675
2021-03-02,2647,306,185,158,257,297,6955
2021-03-03,2503,264,199,109,278,318,6589
2021-03-04,2353,243,168,229,280,308,6334
2021-03-05,2232,278,151,144,230,296,6014
2021-03-06,1278,122,53,61,163,122,3066
2021-03-07,506,81,64,74,117,124,2001
2021-03-08,2483,287,178,293,297,334,7093
2021-03-09,2126,208,156,246,260,286,5976
2021-03-10,1786,231,128,221,218,332,5529
2021-03-11,1887,247,127,170,236,273,5373
2021-03-12,1914,225,119,204,261,233,5267
2021-03-13,1055,122,53,46,170,137,2671
2021-03-14,458,58,39,40,105,111,1562
2021-03-15,553,114,54,71,138,122,2151
2021-03-16,2407,326,186,166,267,283,6785
2021-03-17,1965,223,120,128,213,235,5314
2021-03-18,1848,212,124,126,235,199,5042
2021-03-19,1626,199,131,127,209,210,4777
2021-03-20,963,81,50,51,144,110,2441
2021-03-21,362,67,42,33,125,94,1559
2021-03-22,1991,305,150,156,243,249,5947
2021-03-23,1851,220,106,107,205,223,5223
2021-03-24,1552,199,101,104,187,177,4670
2021-03-25,1539,243,111,80,174,198,4623
2021-03-26,1404,219,88,94,182,152,4201
2021-03-27,921,61,50,40,123,79,2263
2021-03-28,341,83,45,32,92,53,1328
2021-03-29,1671,233,135,121,214,186,5317
2021-03-30,1565,120,102,121,190,110,4462
2021-03-31,1425,105,96,66,144,179,4046
2021-04-01,602,85,50,36,128,105,2096
2021-04-02,458,67,52,51,99,66,1706
2021-04-03,341,79,54,25,98,78,1617
2021-04-04,295,64,59,24,98,73,1434
2021-04-05,1641,190,133,112,205,241,5561
2021-04-06,1430,130,149,90,159,217,4658
2021-04-07,1385,146,107,94,166,176,4425
2021-04-08,1281,109,114,95,173,161,4253
2021-04-09,1302,108,117,59,166,138,4063
2021-04-10,829,54,62,31,104,84,2231
2021-04-11,242,41,48,24,77,49,1210
2021-04-12,1455,172,128,143,185,166,5099
2021-04-13,1299,112,97,61,150,144,4257
2021-04-14,1191,100,99,94,146,105,3853
2021-04-15,1205,83,91,72,147,117,3783
2021-04-16,1008,56,88,103,115,111,3334
2021-04-17,613,28,39,25,85,44,1690
2021-04-18,224,25,36,24,65,45,1101
2021-04-19,1209,115,116,125,144,143,4350
2021-04-20,1089,84,103,108,123,138,3667
2021-04-21,1092,97,85,84,132,138,3639
2021-04-22,912,87,76,112,114,101,3287
2021-04-23,876,81,80,107,104,110,3191
2021-04-24,576,49,36,24,67,51,1748
2021-04-25,184,35,30,26,56,44,1072
2021-04-26,1015,135,120,138,127,131,3996
2021-04-27,981,88,83,147,100,93,3460
2021-04-28,895,80,87,117,98,94,3184
2021-04-29,801,67,74,108,88,72,2981
2021-04-30,758,47,54,132,102,83,2701
2021-05-01,227,25,20,18,43,13,1002
2021-05-02,191,29,24,21,40,21,956
2021-05-03,812,67,100,114,129,129,3440
2021-05-04,626,52,75,116,97,89,2905
2021-05-05,682,47,90,75,79,54,2591
2021-05-06,606,90,86,97,75,61,2779
2021-05-07,623,52,55,99,42,47,2502
2021-05-08,384,19,32,14,54,19,1280
2021-05-09,91,27,30,16,35,21,782
2021-05-10,362,30,41,48,37,37,1731
2021-05-11,693,54,94,77,66,77,3199
2021-05-12,620,50,63,72,56,48,2635
2021-05-13,511,52,51,58,62,40,2374
2021-05-14,613,44,49,54,60,58,2481
2021-05-15,309,32,21,8,33,12,1212
2021-05-16,117,13,17,9,20,7,773
2021-05-17,615,68,71,45,63,40,2894
2021-05-18,613,39,55,25,72,32,2581
2021-05-19,532,61,65,28,51,33,2489
2021-05-20,562,37,35,27,53,25,2413
2021-05-21,594,29,52,24,42,32,2388
2021-05-22,301,34,19,4,35,18,1150
2021-05-23,120,18,25,8,19,11,799
2021-05-24,638,47,73,32,48,35,2956
2021-05-25,673,30,67,25,58,42,2717
2021-05-26,665,36,44,32,41,38,2634
2021-05-27,552,37,60,16,46,41,2558
2021-05-28,645,18,42,27,40,19,2499
2021-05-29,285,11,14,5,30,9,1139
2021-05-30,114,10,23,10,18,7,932
2021-05-31,639,43,66,20,44,34,3080
2021-06-01,678,29,47,21,37,21,2808
2021-06-02,687,41,67,8,47,15,2812
2021-06-03,610,41,69,15,31,24,2655
2021-06-04,637,27,46,17,44,21,2767
2021-06-05,316,18,13,6,21,5,1350
2021-06-06,110,12,27,7,15,7,843
2021-06-07,843,30,63,11,36,29,3683
2021-06-08,894,50,46,11,44,29,3589
2021-06-09,896,42,42,11,32,9,3389
2021-06-10,794,38,49,11,24,17,3308
2021-06-11,798,33,51,14,42,13,3289
2021-06-12,452,18,29,6,25,4,1710
2021-06-13,150,16,18,5,22,8,1095
2021-06-14,959,49,74,19,32,22,4217
2021-06-15,965,27,43,22,28,22,3877
2021-06-16,1007,39,35,13,41,21,3937
2021-06-17,1061,22,48,12,38,19,3970
2021-06-18,1093,29,69,11,31,16,3973
2021-06-19,617,7,18,1,23,12,2064
2021-06-20,218,6,38,5,19,10,1272
2021-06-21,1339,45,90,24,42,16,5314
2021-06-22,1498,44,75,7,43,29,5178
2021-06-23,1536,45,88,7,36,31,5344
2021-06-24,1621,35,90,12,43,17,5343
2021-06-25,1542,20,113,8,38,26,5223
2021-06-26,1000,8,45,9,29,20,2749
2021-06-27,404,7,40,5,21,11,1708
2021-06-28,1996,75,160,17,48,34,6966
2021-06-29,1940,55,142,24,40,28,6439
2021-06-30,1951,44,142,19,39,61,6263
2021-07-01,2236,62,165,26,63,63,6527
2021-07-02,2330,65,129,11,47,60,6771
2021-07-03,1385,37,71,7,31,16,3466
2021-07-04,548,24,79,8,29,26,2268
2021-07-05,3059,94,316,32,95,115,9301
2021-07-06,3186,151,351,27,61,108,9318
2021-07-07,3526,164,362,51,89,107,10106
2021-07-08,3559,114,373,63,122,115,10118
2021-07-09,3470,145,423,97,126,93,10529
2021-07-10,2105,83,146,11,87,24,5323
2021-07-11,957,76,176,21,61,46,3529
2021-07-12,4422,224,646,129,144,158,13965
2021-07-13,4739,291,682,85,139,161,14070
2021-07-14,4685,229,708,83,173,178,13947
2021-07-15,4178,227,756,98,154,187,13581
2021-07-16,4290,223,725,142,140,202,14100
2021-07-17,2509,193,317,26,116,67,6905
2021-07-18,1039,149,259,22,83,72,4688
2021-07-19,5342,294,1085,197,238,250,18208
2021-07-20,5485,272,1205,205,239,257,18365
2021-07-21,5151,399,1159,222,242,246,17945
2021-07-22,5480,295,1139,277,257,284,18864
2021-07-23,4754,341,1072,259,275,303,18020
2021-07-24,2901,245,491,37,212,66,8730
2021-07-25,1371,170,429,44,179,66,6385
2021-07-26,5943,552,1521,388,374,385,22782
2021-07-27,5557,465,1476,333,368,344,22172
2021-07-28,5281,337,1424,350,324,380,20708
2021-07-29,5742,361,1384,339,399,353,21408
2021-07-30,4966,388,1287,393,395,338,20126
2021-07-31,2950,171,421,56,253,117,9386
2021-08-01,1392,173,398,54,225,133,7336
2021-08-02,5616,550,1452,219,504,430,23616
2021-08-03,5477,497,1356,122,486,477,22984
2021-08-04,5027,540,1359,171,528,450,21739
2021-08-05,5112,479,1261,145,607,414,21976
2021-08-06,4726,508,1111,207,556,438,21245
2021-08-07,2927,241,412,57,337,159,10090
2021-08-08,1400,220,448,60,291,142,7570
2021-08-09,5308,653,1565,287,688,621,25605
2021-08-10,5397,694,1396,254,649,541,24742
2021-08-11,5096,651,1333,254,692,560,23151
2021-08-12,4672,736,1389,231,655,559,22322
2021-08-13,4494,657,1161,186,734,468,21661
2021-08-14,2218,310,405,62,449,172,9525
2021-08-15,1019,209,379,87,380,110,6787
2021-08-16,4488,924,1451,247,692,613,24481
2021-08-17,4161,756,1122,198,793,567,22004
2021-08-18,4019,701,1176,261,753,573,20961
2021-08-19,3744,745,1027,191,731,562,19076
2021-08-20,3536,692,893,133,670,519,18049
2021-08-21,1571,256,358,77,284,153,7668
2021-08-22,832,243,333,73,251,109,5924
2021-08-23,3577,840,1235,255,729,602,21305
2021-08-24,3595,771,1055,200,663,545,18781
2021-08-25,3194,722,994,199,648,486,17319
2021-08-26,3100,707,950,174,658,502,16288
2021-08-27,3182,676,859,177,617,471,15730
2021-08-28,1687,268,316,92,316,138,7062
2021-08-29,735,316,245,55,262,122,4814
2021-08-30,3129,997,1071,190,570,528,17773
2021-08-31,2575,827,989,140,615,477,15638
2021-09-01,2484,719,878,166,551,453,14760
2021-09-02,2475,743,916,158,524,420,13942
2021-09-03,2489,626,812,149,581,406,13353
2021-09-04,1392,280,298,87,266,147,6367
2021-09-05,681,217,273,97,191,119,4201
2021-09-06,2591,917,1130,230,665,504,16005
2021-09-07,2094,713,926,182,577,358,13468
2021-09-08,1813,643,838,205,525,364,12203
2021-09-09,2053,666,829,163,570,362,12155
2021-09-10,2044,695,874,190,470,269,11885
2021-09-11,1104,367,238,113,251,128,5233
2021-09-12,534,259,283,97,169,99,3746
2021-09-13,2088,906,997,296,516,348,13866
2021-09-14,1976,839,779,179,453,289,11765
2021-09-15,1563,587,392,136,279,203,7736
2021-09-16,323,283,285,65,249,95,3839
2021-09-17,2009,695,849,125,421,286,11776
2021-09-18,1053,336,238,56,212,106,4722
2021-09-19,417,252,198,78,188,70,3242
2021-09-20,2129,844,948,131,458,352,12796
2021-09-21,1781,853,704,121,425,287,10460
2021-09-22,1815,863,612,98,432,241,9954
2021-09-23,1504,820,474,109,378,237,8866
2021-09-24,1754,694,440,96,386,192,8828
2021-09-25,967,278,141,50,185,75,3794
2021-09-26,415,318,152,55,183,44,2744
2021-09-27,1605,1035,541,128,372,250,10325
2021-09-28,1187,763,384,103,326,207,7899
2021-09-29,1096,770,341,113,282,216,7358
2021-09-30,928,734,304,68,255,150,6486
2021-10-01,1076,592,277,86,224,145,6152
2021-10-02,558,312,123,37,134,62,2819
2021-10-03,291,210,107,52,100,43,2138
2021-10-04,1134,797,336,127,239,232,7853
2021-10-05,977,676,307,63,283,197,6566
2021-10-06,938,669,227,95,211,168,6103
2021-10-07,834,582,214,67,182,152,5495
2021-10-08,804,431,203,66,163,124,5220
2021-10-09,394,220,99,32,109,49,2418
2021-10-10,262,192,95,62,97,45,2031
2021-10-11,907,698,274,110,164,188,6758
2021-10-12,775,705,205,62,154,157,5426
2021-10-13,676,576,166,78,148,146,4875
2021-10-14,658,598,182,76,131,149,4866
2021-10-15,787,523,153,60,136,123,4685
2021-10-16,307,266,75,37,55,25,1870
2021-10-17,142,159,73,35,64,27,1406
2021-10-18,801,525,201,91,175,136,5577
2021-10-19,680,403,132,42,113,96,4541
2021-10-20,589,473,139,49,113,124,4268
2021-10-21,559,429,174,44,78,109,4120
2021-10-22,639,421,158,37,97,120,3980
2021-10-23,324,210,46,31,66,35,1705
2021-10-24,124,151,55,17,45,28,1296
2021-10-25,651,508,171,61,107,143,5252
2021-10-26,580,454,153,34,78,86,4206
2021-10-27,484,407,118,24,78,79,3847
2021-10-28,487,433,141,38,69,105,3654
2021-10-29,594,321,103,58,62,68,3485
2021-10-30,184,135,34,24,32,19,1286
2021-10-31,91,164,43,17,35,20,966
2021-11-01,423,358,131,36,36,96,3467
2021-11-02,194,270,89,19,48,71,2562
2021-11-03,595,362,115,19,64,95,3875
2021-11-04,567,355,91,30,55,96,3520
2021-11-05,501,250,91,26,41,77,3231
2021-11-06,318,124,35,14,27,38,1403
2021-11-07,109,120,24,10,33,21,1030
2021-11-08,529,367,123,25,52,133,4213
2021-11-09,456,325,84,22,51,100,3579
2021-11-10,500,251,92,9,45,97,3346
2021-11-11,545,301,74,31,43,111,3323
2021-11-12,489,287,63,45,41,88,3107
2021-11-13,228,150,27,12,23,23,1223
2021-11-14,121,96,11,26,27,16,868
2021-11-15,151,162,31,19,27,20,1381
2021-11-16,492,341,101,12,44,81,3938
2021-11-17,517,328,77,15,34,70,3605
2021-11-18,473,311,81,18,38,78,3235
2021-11-19,506,256,67,17,25,64,2978
2021-11-20,244,143,21,17,20,23,1294
2021-11-21,146,100,26,4,23,15,982
2021-11-22,509,379,100,29,427,78,4391
2021-11-23,399,324,75,16,199,63,3526
2021-11-24,366,251,101,7,144,68,3236
2021-11-25,532,219,77,17,107,43,3135
2021-11-26,361,245,71,23,25,38,2785
2021-11-27,213,139,22,11,12,17,1152
2021-11-28,111,83,38,17,22,27,1005
2021-11-29,462,369,95,19,25,54,3916
2021-11-30,378,300,80,7,23,63,3190
2021-12-01,338,273,103,9,22,49,3044
2021-12-02,481,231,86,16,21,41,3163
2021-12-03,350,247,66,18,23,25,2777
2021-12-04,147,129,24,3,9,16,1061
2021-12-05,134,87,22,6,8,6,882
2021-12-06,399,308,116,20,32,51,3749
2021-12-07,378,290,99,16,26,50,3255
2021-12-08,296,238,118,7,22,36,2935
2021-12-09,269,254,118,17,24,41,2814
2021-12-10,428,229,87,19,23,33,2788
2021-12-11,141,104,30,10,14,6,926
2021-12-12,113,90,42,8,8,5,906
2021-12-13,359,284,121,24,29,31,3322
2021-12-14,379,273,68,22,24,31,2834
2021-12-15,426,248,72,13,26,36,2828
2021-12-16,435,256,109,18,22,44,2770
2021-12-17,429,202,102,11,20,30,2542
2021-12-18,246,92,23,4,23,9,1156
2021-12-19,192,130,28,8,9,7,987
2021-12-20,666,377,120,21,41,70,3820
2021-12-21,729,262,113,25,49,74,3649
2021-12-22,990,255,124,19,38,39,3939
2021-12-23,1063,311,120,25,58,62,4134
2021-12-24,892,217,86,22,27,38,3318
2021-12-25,200,49,32,5,24,28,1113
2021-12-26,504,147,75,7,22,12,2012
2021-12-27,2126,544,244,68,74,105,8260
2021-12-28,2729,644,260,41,81,120,9831
2021-12-29,3201,545,284,87,101,176,11627
2021-12-30,3602,592,358,111,114,194,12780
2021-12-31,2849,481,348,77,87,151,11297
2022-01-01,976,109,151,23,51,65,3757
2022-01-02,1630,270,201,35,73,85,5868
2022-01-03,6197,889,903,214,238,502,24299
2022-01-04,8834,1271,1188,193,328,579,32330
2022-01-05,10962,1552,1515,224,340,757,39146
2022-01-06,10965,1701,1761,256,369,842,42720
2022-01-07,11712,1808,1939,286,450,939,46683
2022-01-08,6049,1111,794,160,245,252,22680
2022-01-09,5233,908,747,170,239,406,19065
2022-01-10,15738,2801,3356,589,732,1249,69003
2022-01-11,16805,2842,3345,672,834,1299,71900
2022-01-12,17807,3264,3826,632,945,1394,75684
2022-01-13,16693,3270,4265,760,936,1630,74978
2022-01-14,16920,2932,4037,730,888,1605,73472
2022-01-15,8165,958,1245,424,492,849,31477
2022-01-16,5624,740,1255,600,490,623,23881
2022-01-17,17001,2959,4419,670,1192,2224,81302
2022-01-18,16180,2938,3914,631,1235,2460,75305
2022-01-19,16924,2961,3369,644,1203,2283,71115
2022-01-20,15515,2672,3174,593,1247,2261,65742
2022-01-21,14490,2423,2784,673,1280,1641,57993
2022-01-22,7069,972,1093,468,596,494,25291
2022-01-23,4346,1004,884,287,609,394,19021
2022-01-24,13446,3171,3244,668,1511,1618,62338
2022-01-25,11016,2537,2337,638,1423,1431,51378
2022-01-26,10651,2383,2054,524,1371,1342,46573
2022-01-27,8900,2148,2003,640,1359,1232,41530
2022-01-28,8229,1653,1703,445,1194,1088,36598
2022-01-29,4049,1388,668,491,633,336,16659
2022-01-30,2563,850,622,231,453,230,12439
2022-01-31,6873,1526,2030,562,1198,1098,37510
2022-02-01,5980,1698,1338,229,1172,875,29513
2022-02-02,5387,1499,1244,316,1124,775,26920
2022-02-03,5196,1107,1152,276,983,647,23346
2022-02-04,4709,793,985,361,963,530,20160
2022-02-05,2216,621,371,234,438,139,8937
2022-02-06,1466,393,332,200,351,136,6593
2022-02-07,1616,623,584,155,539,202,9686
2022-02-08,4191,1344,882,332,979,570,20031
2022-02-09,3077,796,559,142,876,395,14943
2022-02-10,2795,629,457,160,799,423,13691
2022-02-11,2726,440,613,204,693,327,12491
2022-02-12,1170,504,264,143,311,94,5865
2022-02-13,778,682,307,83,248,78,4898
2022-02-14,2409,927,762,222,661,328,13381
2022-02-15,2059,957,333,117,559,245,10387
2022-02-16,2138,747,370,123,496,226,9679
2022-02-17,2093,625,405,224,485,247,9260
2022-02-18,1932,538,350,149,412,194,8106
2022-02-19,919,95,169,163,222,60,3657
2022-02-20,670,161,171,94,167,58,3176
2022-02-21,1777,327,351,133,506,240,8162
2022-02-22,1401,233,237,95,405,196,6422
2022-02-23,1219,188,235,83,484,171,5941
2022-02-24,1136,388,167,82,388,139,5458
2022-02-25,1086,236,144,77,289,122,4465
2022-02-26,503,42,51,23,131,27,1762
2022-02-27,301,32,47,30,103,21,1521
2022-02-28,1021,143,197,104,338,138,5255
2022-03-01,836,102,101,53,252,96,3637
2022-03-02,757,101,135,31,217,78,3148
2022-03-03,642,65,141,78,223,89,3259
2022-03-04,701,79,94,30,181,70,2787
2022-03-05,315,44,33,15,69,21,1111
2022-03-06,239,31,27,13,68,18,903
2022-03-07,645,91,105,23,186,89,3027
2022-03-08,527,77,70,23,134,88,2469
2022-03-09,546,87,91,26,138,41,2413
2022-03-10,518,98,81,15,142,55,2267
2022-03-11,478,58,60,19,114,129,1879
2022-03-12,237,26,22,17,58,28,743
2022-03-13,140,21,18,15,43,33,683
2022-03-14,521,77,108,34,114,74,2265
2022-03-15,466,54,82,61,100,51,1926
2022-03-16,359,55,49,52,75,52,1596
2022-03-17,394,58,34,20,75,27,1524
2022-03-18,344,44,44,24,84,45,1331
2022-03-19,190,14,5,5,34,17,518
2022-03-20,86,10,11,2,17,6,331
2022-03-21,154,13,14,12,46,8,588
2022-03-22,425,49,45,33,63,56,1698
2022-03-23,354,39,65,15,41,40,1357
2022-03-24,336,51,50,12,57,29,1267
2022-03-25,302,32,36,12,45,20,1161
2022-03-26,130,9,9,4,19,5,422
2022-03-27,123,10,8,2,20,5,357
2022-03-28,360,25,64,26,59,26,1462
2022-03-29,334,45,52,23,61,30,1263
2022-03-30,316,22,62,20,43,28,1188
2022-03-31,259,42,50,17,47,24,1066
2022-04-01,223,21,26,7,34,9,765
2022-04-02,140,10,13,4,21,1,343
2022-04-03,83,9,11,12,15,1,281
2022-04-04,267,23,44,40,57,12,1029
2022-04-05,207,29,39,9,22,10,810
2022-04-06,242,16,32,19,29,16,798
2022-04-07,221,18,35,32,27,7,767
2022-04-08,192,21,21,48,34,13,729
2022-04-09,114,5,7,7,17,3,315
2022-04-10,71,6,4,25,13,2,261
2022-04-11,188,14,30,36,22,16,801
2022-04-12,217,12,19,11,23,13,674
2022-04-13,248,6,15,10,26,5,642
2022-04-14,80,8,9,20,8,7,276
2022-04-15,57,3,1,48,15,4,236
2022-04-16,78,3,4,26,9,2,212
2022-04-17,58,2,9,23,5,3,228
2022-04-18,311,21,19,12,22,16,886
2022-04-19,184,8,23,14,14,14,606
2022-04-20,219,29,19,15,19,14,756
2022-04-21,200,7,17,13,21,7,586
2022-04-22,187,18,12,17,19,18,572
2022-04-23,100,4,9,24,10,3,271
2022-04-24,137,3,10,54,11,0,329
2022-04-25,226,18,31,26,26,11,863
2022-04-26,211,12,20,15,15,11,688
2022-04-27,228,9,25,15,13,8,672
2022-04-28,173,10,22,7,16,9,623
2022-04-29,142,9,22,33,15,10,547
2022-04-30,80,3,12,37,4,2,243
2022-05-01,69,3,8,36,6,2,222
2022-05-02,267,15,39,26,28,8,857
2022-05-03,214,22,49,33,12,17,797
2022-05-04,253,20,35,3,17,15,756
2022-05-05,164,15,47,14,10,13,677
2022-05-06,240,16,31,29,8,15,772
2022-05-07,120,5,9,23,6,4,294
2022-05-08,96,17,11,27,3,3,283
2022-05-09,339,15,41,7,27,20,1079
2022-05-10,214,8,27,1,11,10,510
2022-05-11,364,10,52,5,13,21,1144
2022-05-12,376,24,28,7,8,23,1064
2022-05-13,349,22,25,9,14,24,985
2022-05-14,163,10,4,2,7,3,397
2022-05-15,144,10,15,1,3,3,335
2022-05-16,461,30,45,10,20,16,1412
2022-05-17,412,24,63,4,22,35,1322
2022-05-18,521,26,52,2,13,19,1420
2022-05-19,462,30,44,5,24,29,1448
2022-05-20,478,33,61,15,18,16,1416
2022-05-21,238,4,13,22,8,1,593
2022-05-22,212,21,18,21,17,3,579
2022-05-23,758,71,102,6,32,34,2301
2022-05-24,680,60,86,35,31,30,2114
2022-05-25,803,59,116,15,29,26,2320
2022-05-26,760,46,95,13,34,22,2171
2022-05-27,731,71,77,6,30,27,2159
2022-05-28,387,24,25,3,9,10,924
2022-05-29,359,24,25,4,21,5,876
2022-05-30,1047,101,157,23,39,31,3470
2022-05-31,1124,80,140,21,39,43,3461
2022-06-01,1225,111,155,14,39,36,3665
2022-06-02,1078,100,135,13,44,48,3478
2022-06-03,1217,81,128,15,45,47,3676
2022-06-04,635,31,29,3,10,9,1559
2022-06-05,450,55,46,5,15,9,1356
2022-06-06,1878,153,248,28,76,86,6200
2022-06-07,1792,110,215,20,81,57,5791
2022-06-08,2145,172,190,28,81,87,6614
2022-06-09,2001,148,230,19,95,95,6369
2022-06-10,2130,141,219,25,89,87,6482
2022-06-11,992,65,57,12,35,17,2616
2022-06-12,744,61,61,3,34,20,2264
2022-06-13,3114,267,322,36,145,146,10039
2022-06-14,3068,201,268,48,145,128,9562
2022-06-15,3210,284,256,43,164,160,10208
2022-06-16,3239,248,274,52,152,123,10018
2022-06-17,3558,199,292,42,142,140,10606
2022-06-18,1659,84,108,23,56,30,4453
2022-06-19,1293,121,86,8,50,59,3733
2022-06-20,5327,408,415,68,267,268,16957
2022-06-21,5441,393,408,96,282,310,16735
2022-06-22,5711,375,503,109,366,327,18014
2022-06-23,5977,372,442,104,365,344,18409
2022-06-24,6339,418,476,104,417,306,18965
2022-06-25,2683,293,151,50,173,127,7782
2022-06-26,2383,186,148,42,175,90,7167
2022-06-27,8485,634,748,170,574,557,28019
2022-06-28,7952,774,721,216,516,588,26950
2022-06-29,8411,845,705,237,516,574,27564
2022-06-30,8322,976,758,219,525,630,27831
2022-07-01,8037,963,678,264,566,653,27152
2022-07-02,3495,478,246,115,295,228,11114
2022-07-03,2844,426,166,113,311,207,9632
2022-07-04,10255,1424,925,339,804,1048,37784
2022-07-05,9920,1534,861,367,813,1050,36007
2022-07-06,9883,1675,801,372,918,1059,36453
2022-07-07,9451,1722,804,436,886,1133,35711
2022-07-08,9235,1484,741,457,889,1008,33404
2022-07-09,3763,594,196,220,427,365,13288
2022-07-10,2879,605,208,205,448,333,11636
2022-07-11,10635,2384,1101,636,1224,1431,44550
2022-07-12,9316,2532,866,641,1091,1245,39637
2022-07-13,8760,2354,857,649,1175,1322,37545
2022-07-14,8413,2279,799,518,1145,1193,35391
2022-07-15,7493,2309,662,516,1010,1091,31826
2022-07-16,2956,1096,174,203,447,344,12400
2022-07-17,2258,752,164,180,418,312,10354
2022-07-18,8272,2191,930,616,1174,1304,38847
2022-07-19,6899,2138,761,637,1162,998,32969
2022-07-20,6811,2197,861,643,1194,997,31827
2022-07-21,5958,2243,735,739,962,802,28372
2022-07-22,5231,2528,635,536,935,585,25218
2022-07-23,2120,834,184,282,407,220,9627
2022-07-24,1542,554,157,186,422,191,7504
2022-07-25,5592,2104,868,608,1008,834,28488
2022-07-26,4263,2382,648,488,894,656,22981
2022-07-27,3836,2109,518,461,788,505,20538
2022-07-28,3308,1742,537,441,634,466,17760
2022-07-29,2930,1033,461,495,584,391,15140
2022-07-30,1348,359,144,159,295,129,5936
2022-07-31,1113,341,120,151,274,104,5023
2022-08-01,3512,1455,612,450,626,517,18914
2022-08-02,2607,1051,435,371,537,401,14396
2022-08-03,2357,1082,386,401,510,363,13319
2022-08-04,2373,878,432,270,522,314,12068
2022-08-05,2077,788,356,318,484,256,10607
2022-08-06,913,286,118,104,210,100,4014
2022-08-07,684,200,79,100,159,94,3270
2022-08-08,2326,818,477,378,522,395,13093
2022-08-09,1721,591,350,240,442,298,9846
2022-08-10,1548,482,336,211,393,280,8932
2022-08-11,1377,424,316,220,344,234,7753
2022-08-12,1329,353,274,182,290,187,6746
2022-08-13,529,141,72,69,118,65,2458
2022-08-14,436,115,60,41,82,53,2139
2022-08-15,1500,536,328,163,295,236,8209
2022-08-16,1039,237,255,105,242,145,5876
2022-08-17,981,247,229,104,210,140,5345
2022-08-18,953,210,189,104,179,155,4834
2022-08-19,835,187,189,111,138,126,4383
2022-08-20,363,85,63,24,71,41,1708
2022-08-21,305,45,52,45,45,39,1522
2022-08-22,1128,215,258,85,207,139,5618
2022-08-23,747,183,177,85,149,97,4126
2022-08-24,698,187,186,78,148,97,3755
2022-08-25,711,139,143,64,103,66,3281
2022-08-26,595,123,144,50,108,53,2946
2022-08-27,303,39,43,21,45,16,1140
2022-08-28,212,62,47,20,38,16,1108
2022-08-29,787,120,178,51,101,86,3830
2022-08-30,705,110,139,56,95,80,3075
2022-08-31,445,93,116,41,68,57,2599
2022-09-01,541,81,82,80,87,52,2437
2022-09-02,555,75,96,56,67,37,2222
2022-09-03,263,24,30,15,16,9,963
2022-09-04,274,23,31,19,28,7,894
2022-09-05,623,86,146,54,57,59,2762
2022-09-06,446,65,116,27,64,39,2107
2022-09-07,356,55,96,20,59,26,1865
2022-09-08,376,53,86,15,60,23,1767
2022-09-09,359,49,95,35,39,29,1697
2022-09-10,186,26,29,19,21,10,632
2022-09-11,147,18,46,10,18,4,594
2022-09-12,505,78,116,49,64,47,2283
2022-09-13,330,72,111,34,39,32,1638
2022-09-14,293,52,87,30,29,26,1400
2022-09-15,212,34,32,19,17,6,729
2022-09-16,139,13,16,12,9,4,415
2022-09-17,136,14,25,11,12,12,466
2022-09-18,108,17,31,6,13,4,394
2022-09-19,445,64,99,25,48,44,1866
2022-09-20,374,58,68,22,38,33,1464
2022-09-21,321,54,45,32,27,22,1307
2022-09-22,259,35,52,18,20,21,1133
2022-09-23,254,24,33,14,15,8,1043
2022-09-24,177,7,16,8,16,8,422
2022-09-25,81,9,19,6,19,6,340
2022-09-26,382,25,47,28,28,17,1324
2022-09-27,198,31,41,31,18,18,960
2022-09-28,174,28,43,22,20,8,807
2022-09-29,166,17,31,14,15,16,709
2022-09-30,192,19,37,14,11,7,637
2022-10-01,148,5,10,11,11,4,321
2022-10-02,106,6,12,4,8,1,249
2022-10-03,238,26,40,20,22,15,913
2022-10-04,186,24,22,12,14,8,677
2022-10-05,189,22,30,17,12,16,659
2022-10-06,176,22,17,12,13,12,579
2022-10-07,141,9,24,10,17,6,480
2022-10-08,52,3,7,3,9,0,174
2022-10-09,56,7,3,14,7,0,169
2022-10-10,156,18,32,26,18,12,650
2022-10-11,167,8,20,18,11,5,555
2022-10-12,135,5,18,10,10,8,461
2022-10-13,138,10,13,13,15,8,459
2022-10-14,121,7,15,1,16,6,399
2022-10-15,56,3,6,2,7,0,146
2022-10-16,49,8,6,6,7,2,162
2022-10-17,153,13,20,10,20,4,603
2022-10-18,131,12,18,15,16,10,471
2022-10-19,155,7,21,16,15,3,464
2022-10-20,104,11,13,15,11,8,425
2022-10-21,123,9,17,7,11,5,386
2022-10-22,60,4,3,3,4,2,148
2022-10-23,41,2,8,3,6,0,124
2022-10-24,176,23,15,8,25,13,648
2022-10-25,121,10,16,4,12,15,497
2022-10-26,131,14,18,9,26,10,535
2022-10-27,133,15,19,8,13,6,444
2022-10-28,112,9,19,8,12,4,444
2022-10-29,49,5,1,6,8,3,151
2022-10-30,22,1,1,0,8,2,99
2022-10-31,144,17,17,13,26,11,604
2022-11-01,102,17,18,8,22,7,475
2022-11-02,60,14,6,6,9,10,392
2022-11-03,173,17,19,5,18,12,647
2022-11-04,112,15,11,15,10,6,528
2022-11-05,58,7,3,6,15,1,209
2022-11-06,50,7,6,3,7,0,197
2022-11-07,252,33,25,12,36,15,919
2022-11-08,185,28,18,13,39,12,768
2022-11-09,186,22,33,13,34,14,788
2022-11-10,224,23,23,7,27,18,822
2022-11-11,174,24,16,11,28,19,700
2022-11-12,77,13,19,6,8,3,256
2022-11-13,59,9,8,3,10,2,259
2022-11-14,279,31,34,17,35,17,1113
2022-11-15,197,32,39,15,42,15,1030
2022-11-16,211,30,29,13,33,7,1047
2022-11-17,194,34,30,17,46,10,966
2022-11-18,209,23,20,12,32,2,999
2022-11-19,83,7,10,11,9,2,298
2022-11-20,87,13,8,4,4,1,295
2022-11-21,122,8,12,11,21,2,448
2022-11-22,367,43,38,43,58,19,1640
2022-11-23,412,31,40,32,29,27,1609
2022-11-24,364,33,27,25,46,16,1586
2022-11-25,430,46,42,19,53,21,1543
2022-11-26,179,16,16,13,19,3,579
2022-11-27,145,10,10,8,15,6,540
2022-11-28,659,64,59,32,41,33,2550
2022-11-29,621,53,50,29,32,33,2373
2022-11-30,591,58,49,28,31,27,2217
2022-12-01,622,71,50,35,31,37,2351
2022-12-02,627,56,43,35,25,19,2139
2022-12-03,291,14,16,5,16,10,831
2022-12-04,230,19,20,25,12,9,780
2022-12-05,1112,94,84,74,44,47,3733
2022-12-06,1065,95,102,32,52,50,3560
2022-12-07,1138,91,101,78,54,46,3681
2022-12-08,1044,101,86,56,49,34,3434
2022-12-09,996,85,94,42,58,38,3184
2022-12-10,492,19,42,28,37,19,1323
2022-12-11,417,26,23,40,29,14,1139
2022-12-12,1521,95,134,108,67,72,4879
2022-12-13,1687,159,116,61,74,52,4988
2022-12-14,1795,183,122,67,99,76,5157
2022-12-15,1745,153,149,127,94,84,4849
2022-12-16,1681,140,132,94,83,74,4385
2022-12-17,740,38,33,43,43,25,1778
2022-12-18,581,45,43,62,22,18,1389
2022-12-19,2466,226,188,105,140,143,6758
2022-12-20,2291,291,199,172,153,156,6576
2022-12-21,2358,236,187,128,180,143,6361
2022-12-22,2226,245,178,152,176,151,6045
2022-12-23,1878,237,158,121,172,129,5043
2022-12-24,590,55,50,41,55,22,1391
2022-12-25,264,40,42,28,31,17,842
2022-12-26,2138,282,265,186,191,217,6585
2022-12-27,1830,262,247,210,173,150,5907
2022-12-28,1782,261,267,174,156,181,5992
2022-12-29,1666,228,189,134,162,167,5320
2022-12-30,1536,198,194,143,164,175,4779
2022-12-31,534,63,61,33,72,34,1525
2023-01-01,248,42,55,53,31,16,1025
2023-01-02,1871,265,248,178,199,174,6434
2023-01-03,1668,295,218,220,193,184,6201
2023-01-04,1731,288,196,191,212,184,6287
2023-01-05,1640,235,194,192,193,149,5580
2023-01-06,1425,201,168,146,157,157,4880
2023-01-07,555,69,48,102,68,37,1758
2023-01-08,408,82,51,82,75,47,1583
2023-01-09,1810,335,215,244,231,188,6840
2023-01-10,1488,318,174,177,226,162,5631
2023-01-11,1434,263,143,145,186,149,5184
2023-01-12,1211,207,151,154,159,148,4607
2023-01-13,1099,178,120,153,187,122,4034
2023-01-14,470,47,49,64,69,38,1466
2023-01-15,345,62,33,50,56,25,1298
2023-01-16,1437,256,159,194,241,155,5476
2023-01-17,1121,232,153,151,181,131,4597
2023-01-18,1143,229,143,146,231,111,4616
2023-01-19,988,225,145,139,207,137,4186
2023-01-20,1031,207,126,96,185,97,3875
2023-01-21,404,81,31,33,93,47,1435
2023-01-22,267,78,31,44,76,42,1172
2023-01-23,1305,319,236,116,273,178,5386
2023-01-24,1086,265,169,96,221,121,4381
2023-01-25,1074,243,143,107,211,112,4149
2023-01-26,1001,215,135,89,189,115,3871
2023-01-27,826,214,151,77,139,95,3202
2023-01-28,338,66,44,42,60,32,1216
2023-01-29,251,76,34,32,57,21,1033
2023-01-30,1179,315,186,86,195,139,4728
2023-01-31,961,255,143,70,174,116,3720
2023-02-01,954,253,162,89,159,103,3573
2023-02-02,918,226,119,96,154,89,3340
2023-02-03,840,182,130,69,135,68,2963
2023-02-04,320,62,28,22,60,26,1063
2023-02-05,255,47,26,16,51,10,769
2023-02-06,332,83,37,38,82,29,1235
2023-02-07,1254,288,164,95,220,110,4700
2023-02-08,1171,278,144,65,176,116,4056
2023-02-09,1067,248,151,74,150,73,3562
2023-02-10,1028,261,103,83,147,77,3309
2023-02-11,363,86,26,31,55,31,1150
2023-02-12,283,83,33,18,44,16,934
2023-02-13,1323,261,129,88,187,84,4326
2023-02-14,1062,192,116,48,128,54,3385
2023-02-15,1025,195,98,91,135,62,3528
2023-02-16,954,214,81,40,139,70,3352
2023-02-17,856,217,92,43,115,68,3027
2023-02-18,376,53,29,17,55,20,1060
2023-02-19,281,70,29,24,60,16,994
2023-02-20,1217,247,108,53,172,101,4347
2023-02-21,1081,236,108,38,175,66,3783
2023-02-22,1144,220,104,45,154,59,3709
2023-02-23,1037,184,87,39,138,51,3402
2023-02-24,893,154,99,39,142,56,3010
2023-02-25,384,56,24,27,56,17,1029
2023-02-26,305,51,32,15,65,11,921
2023-02-27,1260,205,117,47,199,90,4387
2023-02-28,986,181,81,51,165,67,3531
2023-03-01,1064,182,80,54,130,66,3417
2023-03-02,1011,139,65,33,140,68,3142
2023-03-03,970,138,60,29,106,60,2991
2023-03-04,339,49,15,12,55,19,950
2023-03-05,290,50,19,30,37,11,883
2023-03-06,1431,190,87,57,194,89,4567
2023-03-07,1111,175,77,34,142,88,3716
2023-03-08,1134,157,76,41,161,102,3613
2023-03-09,1157,141,75,51,118,64,3422
2023-03-10,1100,156,58,38,135,106,3162
2023-03-11,437,59,20,13,73,23,1073
2023-03-12,307,59,15,18,67,26,890
2023-03-13,1540,219,124,48,212,103,4561
2023-03-14,1268,143,78,43,176,101,3606
2023-03-15,1063,147,82,36,135,97,3300
2023-03-16,982,116,69,39,141,73,2984
2023-03-17,875,131,48,23,109,63,2607
2023-03-18,334,41,11,15,44,17,860
2023-03-19,221,23,23,17,45,21,624
2023-03-20,313,38,13,18,54,34,910
2023-03-21,1263,160,81,38,156,82,3845
2023-03-22,1205,126,77,23,137,66,3393
2023-03-23,1065,102,61,31,131,91,3111
2023-03-24,950,91,61,20,114,72,2614
2023-03-25,361,48,19,20,51,30,915
2023-03-26,231,39,16,13,42,22,750
2023-03-27,1112,135,74,42,141,118,3576
2023-03-28,832,125,63,36,124,108,2887
2023-03-29,782,117,64,29,103,88,2614
2023-03-30,638,108,57,27,76,82,2336
2023-03-31,571,75,47,26,91,73,2035
2023-04-01,210,17,9,15,50,37,667
2023-04-02,152,30,10,13,37,12,532
2023-04-03,727,94,35,33,94,104,2555
2023-04-04,541,93,37,22,66,95,2047
2023-04-05,517,61,47,33,63,55,1786
2023-04-06,120,24,14,18,24,31,551
2023-04-07,114,8,18,14,34,17,470
2023-04-08,130,19,10,8,31,12,442
2023-04-09,79,18,17,17,35,11,454
2023-04-10,574,90,48,35,86,74,2307
2023-04-11,427,74,31,35,53,76,1763
2023-04-12,453,72,30,34,62,64,1826
2023-04-13,386,71,26,18,47,41,1637
2023-04-14,309,42,40,20,35,48,1440
2023-04-15,104,13,12,8,24,9,451
2023-04-16,102,14,8,18,29,11,442
2023-04-17,464,89,43,42,54,70,2114
2023-04-18,375,63,41,26,52,44,1732
2023-04-19,363,66,48,25,52,57,1746
2023-04-20,363,64,38,10,50,42,1590
2023-04-21,305,71,27,13,38,34,1326
2023-04-22,105,19,15,7,15,11,421
2023-04-23,90,17,13,9,12,6,407
2023-04-24,496,82,55,27,50,70,2101
2023-04-25,417,66,49,27,47,43,1781
2023-04-26,399,55,53,26,44,64,1795
2023-04-27,383,51,30,25,40,52,1594
2023-04-28,339,49,32,9,45,51,1320
2023-04-29,126,12,9,12,18,11,435
2023-04-30,77,9,13,13,17,11,374
2023-05-01,130,21,8,23,20,18,550
2023-05-02,434,64,54,32,49,98,2126
2023-05-03,399,45,41,59,42,77,1784
2023-05-04,381,44,24,32,34,70,1645
2023-05-05,241,29,24,29,36,47,1195
2023-05-06,115,11,10,10,18,15,416
2023-05-07,69,14,9,14,6,8,359
2023-05-08,405,52,36,34,53,57,1868
2023-05-09,335,37,32,22,32,62,1433
2023-05-10,191,18,14,17,18,29,660
2023-05-11,346,45,35,21,26,54,1559
2023-05-12,261,32,26,14,35,44,1134
2023-05-13,81,16,8,4,19,23,344
2023-05-14,61,9,5,8,14,9,315
2023-05-15,325,39,26,24,39,52,1587
2023-05-16,244,32,25,19,26,50,1351
2023-05-17,275,41,32,18,27,47,1297
2023-05-18,223,35,42,7,22,37,1145
2023-05-19,219,24,26,13,28,31,1009
2023-05-20,58,2,10,9,14,7,312
2023-05-21,61,3,9,5,11,13,261
2023-05-22,300,59,21,23,35,39,1360
2023-05-23,221,27,33,8,29,38,1138
2023-05-24,201,23,32,4,12,25,1082
2023-05-25,193,25,25,5,16,29,987
2023-05-26,161,19,27,6,10,18,813
2023-05-27,45,9,6,0,10,11,264
2023-05-28,32,9,7,2,13,1,238
2023-05-29,228,30,20,10,14,23,1071
2023-05-30,163,20,29,5,9,31,906
2023-05-31,152,18,40,6,12,16,800
2023-06-01,97,13,19,4,11,8,531
2023-06-02,85,13,20,3,9,10,448
2023-06-03,37,1,9,0,4,3,138
2023-06-04,16,0,6,0,6,1,108
2023-06-05,97,13,30,2,14,11,647
2023-06-06,87,10,32,2,7,13,521
2023-06-07,112,8,22,6,15,17,561
2023-06-08,89,7,19,4,13,15,526
2023-06-09,79,12,21,7,11,13,413
2023-06-10,35,3,8,0,3,5,143
2023-06-11,19,0,6,0,3,2,109
2023-06-12,118,15,21,1,19,17,586
2023-06-13,92,12,22,1,4,24,508
2023-06-14,83,14,21,5,8,10,507
2023-06-15,69,19,14,1,16,11,411
2023-06-16,54,10,10,4,8,13,371
2023-06-17,17,4,5,0,2,5,97
2023-06-18,23,1,6,0,4,2,85
2023-06-19,94,21,16,0,11,15,484
2023-06-20,74,17,8,1,4,16,444
2023-06-21,77,13,10,2,11,21,405
2023-06-22,79,10,6,2,9,17,388
2023-06-23,37,5,7,0,2,10,213
2023-06-24,4,0,1,0,2,1,15
